Timestamp,306,575,98,38,2,804,95,806,811,84,555,820,372,13,14,79,4,11,570,92,814,10,825,19,43,40,70,8,87,828,812,91,830,17,827,829,350,39,66,826,82,529,86,12,151,815,73,803,582,90,110,3,588,822,32,701,28,25,533,512,309,57,26,521,5,93,60,37,36,807,813,149,9,74,46,105,51,61,802,77,17,301,210,97
2018-08-01T00:00:00-06:00 Denver,172.3125,812,1654265.156,8380.875,87.7421875,700.75,32866721.59,1110.375,2280,5632.1875,54907084.75,1572.050781,462,2947,974,4117.75,6580.710938,0.130004883,517.5,2049.125,1257,1517,812.1015625,5712.699219,369.1875,11085.34375,685.3125,616.25,2237.59375,788.90625,1577.1875,1101.9375,901.6875,559.5625,953.21875,864.25,1890.125,94.59375,2483.9375,803.3359375,15040,5238,7032,1141.5,1423,6716,1776.3125,1502,2736.875,4545.950195,7362,855.28125,2088,2987.5625,8152,1598.40625,1846.875,3691.5625,0,880.4375,56.7734375,,576.140625,8593,39907734,5199.875,397.90625,305.375,744.9375,1425.8125,2366.0625,10787,1023.9375,1412.4375,1103.120117,1432.0625,414,3484.921875,1860.90625,1571.125,559.5625,630.1875,45.8046875,920.1875
2018-08-02T00:00:00-06:00 Denver,191,771.5,1655158.107,8242.25,61.734375,641.6875,33254263.41,1068.6875,2222,5428.4375,55477043.88,1839.171875,482.5,2952,1009,4133.375,6339.5,0.039916992,522.25,2114.6875,1625,1352,694.1914063,5581.140625,332.375,10012.98438,657.5625,608.75,2312.40625,640.3125,1128.625,1617.3125,842.25,495.0625,881.375,773.1875,1920.25,143.9375,2519.15625,754.1328125,15344,5293,7044,1174.75,1429,6445,1792.5,1218,2742.125,2694.798828,6918,887.46875,2114,2940.3125,7423,1630.46875,1932.03125,3709.6875,0,879.875,48.328125,,361.375,8529,42708105,5685.3125,281.53125,280,712.1875,1365.6875,2064.6875,11597,565.375,1463.1875,1080.509766,1442.3125,419,3303.375,1715.46875,1518.6875,495.0625,552.6875,45.5703125,831.9375
2018-08-03T00:00:00-06:00 Denver,169.0625,774,1656016.252,7666.125,69.296875,633.375,33640245.56,778.9765625,2184,5486,56047378.25,1634.949219,442.5,2961,974,3853.125,6235.5,0.040039063,548.25,1943,1490,1340,651.5,5523.320313,314.875,9852.5,670.375,591.5,2284.46875,650.1875,1096.3125,932.9375,819.25,481.125,893.125,721.0625,1765.25,146.96875,2526.75,708.7265625,14984,5312,6184,1125.25,1416,6406,1728.625,1092,2629.1875,2667.701172,6664,847.59375,2093,2942.15625,7493,1658.4375,1879.8125,3636.46875,0,879.125,52.9375,,381.4296875,8384,44251640,5232.6875,347.5,243.8125,673.3125,1273,1869.84375,11471,942.5625,1467.25,1085.549805,1284,389,3245.484375,1692.625,1464.125,481.125,538.9375,46.4140625,798.4375
2018-08-04T00:00:00-06:00 Denver,118,533.5,1656771.498,7428.25,6.734375,743.5625,34019914.25,837.1328125,2092,5117.75,56528683.06,1369.21875,401.5,2513,913,3890.375,6211.96875,0,496.125,1365.8125,1052,1204,635.9882813,4499.980469,242.40625,8824.4375,538.125,499,2032.53125,677.234375,1119.1875,730.1875,752.75,413.875,721.09375,571.53125,1033.625,42.71875,1943.125,624.53125,13488,5051,4470,1011,1409,5914,1559.5625,1254,2527.0625,2131.878906,6162,721.3125,1839,2702.53125,6538,1716.59375,1851.21875,3531.46875,0,767.375,22.984375,,329.859375,7648,44329758,4650.125,214.78125,204.125,587.6875,1217.6875,1546.71875,9216,1079.125,1361.4375,1052.950195,1014.1875,276,2858.578125,1621.8125,1459.25,413.875,478.9375,45.765625,745.625
2018-08-05T00:00:00-06:00 Denver,118.84375,529.5,1657455.896,7480.625,7.765625,828,34393893.41,813.6953125,2054,5155.875,56265943.63,1187.3125,391,1942,910,3596.75,5447.992188,0,475.5,1263.9375,972,1180,587.0234375,4531.609375,244.25,8742.515625,546.125,490,1976.71875,570,1125.9375,741.625,675.25,398.625,685.125,488.90625,1081.75,75.53125,1982.5,561.734375,13348,4951,3742,857.75,1408,5599,1547.5625,1255,2516,2143.681641,6267,704.53125,1815.5,2567.46875,6460,1697.15625,1831.09375,2500.3125,0,768.0625,23.0703125,,304.6328125,7551,44218740,4755.5625,250.375,203.1875,594.8125,1197.0625,1542.40625,16524,986.625,1357.5625,978.5097656,1020,274,2832.34375,1609.96875,1411.3125,398.625,459.875,46.40625,711.375
2018-08-06T00:00:00-06:00 Denver,179.4375,764,1658257.922,7654.75,65.390625,792.25,34774803.84,823.6953125,2096,5361.5625,57269941.25,1349.460938,456,2717,938,3795.25,6411.304688,0.069946289,534,1729.4375,942,1280,627.1171875,5400.28125,319.4375,9632.453125,729.1875,546.75,2309.625,603.96875,1030.6875,852.875,680.09375,437.5,652,496.0625,1682.3125,159.71875,2441.03125,634.828125,13960,5114,6210,1065,1418,6216,1914.452515,1192,2672,2727.878906,7170,896.5,1989.5,2711.625,6959,1640.03125,1862.3125,1550.28125,0,932.75,53.21875,,326.9921875,8402,45043590,5294.75,334.625,260.375,715.375,1314.1875,1365.53125,10477,438.9375,1472,967.8808594,1253.125,398,3138.078125,1564.125,1423.25,437.5,491.625,46.4765625,715.5625
2018-08-07T00:00:00-06:00 Denver,159.4375,761,1659165.35,7630.125,64.40625,801.0625,35120958.56,874.1328125,2061,5447.9375,57803187.31,1351.484375,455,2925,939,3994.125,6482.523438,0.150024414,530.875,1517.5625,918,1339,616.3984375,5291.871094,312.90625,9695.1875,694.1875,550.25,2436.8125,650.65625,1203.5625,912.9375,732.9375,446.4375,668.0625,500.4375,1720.5,79.9375,2354.03125,660.265625,14216,5046,6060,1134.75,1445,6304,1920.190063,1122,2679.5,2763.529297,6962,923.59375,2036,2667.65625,7331,1625.21875,1820.46875,3191.3125,0,905.3125,60.15625,,357.5,8255,44933130,6187.4375,281.3125,255.9375,699.125,1253.875,1369.9375,9533,379.75,1474.375,1000.128906,1323.875,399,3011.984375,1568.90625,1416.375,446.4375,527.625,47.3046875,765.875
2018-08-08T00:00:00-06:00 Denver,169.96875,796.5,1660079.248,7810.375,69.5625,825.75,35331604.94,874.7734375,2119,5536.9375,58349476.31,1291.84375,454.5,2786,947,3909.625,6092.515625,0.770019531,559.625,1733.9375,953,1408,619.359375,5461.53125,293.25,9696.765625,673.1875,576.5,2471.6875,657.5,1324,881.625,710.71875,456.3125,680.9375,532.15625,1776.0625,102.53125,2350.9375,585.09375,14200,5056,6116,1155.5,1508,6323,1880.779785,1164,2875.125,2494.501953,7007,888.75,2036,2811.1875,7470,1637.71875,1856.53125,3475.625,0,915.8125,53.3515625,,410.1015625,8301,45386431,5214,295.875,249.3125,697,1260.6875,1558.375,9880,889.375,1451.8125,971.1894531,1376.9375,404,3057.75,1639.3125,1388.6875,456.3125,531.3125,95342.35938,875.25
2018-08-09T00:00:00-06:00 Denver,175.625,764,1661061.799,7886.875,74.8359375,839.1875,35183381.72,930.453125,2161,5510.125,58272898.88,1310.9375,453,2723,972,4121.125,6183.171875,0.559936523,547,1641.6875,1032,1469,622.328125,5574.078125,305.40625,9746.4375,679.75,584.25,2493.34375,655.3125,1431.0625,972.4375,721.6875,430.0625,693.0625,595.75,1868.3125,62.1875,2489.5,640.515625,14656,5198,6210,1191.75,1473,6518,1887.990234,1205,3122.8125,2597.667969,7070,923.53125,2032,2872.75,7380,1715.15625,1865.03125,3431.875,0,902.875,57.46875,,461.7265625,8361,44118339,5273.5,292.4375,247.6875,696.0625,1277.5625,1659.5625,10352,967.25,1460.1875,954.78125,1456.8125,408,3108.765625,1712.78125,1511.4375,430.0625,537.875,46.8984375,852.125
2018-08-10T00:00:00-06:00 Denver,175.625,719,1661972.396,7806.875,78.953125,852.3125,35913233.66,1005.96875,2114,5485.25,59445279.31,1367.34375,442,2829,989,3977.625,6356.742188,0.670043945,537.625,1861.125,607,1517,535.125,5562.851563,345.28125,9826.671875,631.0625,580.75,2393.3125,681.40625,1596.375,986.375,779.53125,502.5625,640.1875,614.25,1856.3125,49.8125,2367.75,698.125,14888,5222,6072,1166,1432,6287,1896.77002,1266,3072.3125,2625.910156,7025,901.28125,2046.5,2923.21875,7319,1725.78125,1941.5625,3430.15625,0,864.3125,48.5703125,,523.4453125,8341,45328624,5257.4375,341.5625,239,662.125,1327.5,1709.90625,8816,1102.3125,1413.3125,979.0097656,1333.4375,408,3161.328125,1839.1875,1637.5,502.5625,550.9375,45.9921875,879.4375
2018-08-11T00:00:00-06:00 Denver,118.5,511,1662762.979,7693,8.1484375,805.875,36292781,994.234375,1929,5256.6875,59902094.44,1342.578125,402.5,2478,931,3876.25,6754.710938,0,479.375,1389.375,1051,1348,411.78125,4762.65625,246.9375,8969.09375,569.6875,518,2151.0625,635.65625,1600.125,774.9375,764.0625,474.1875,578.34375,533.15625,1200.0625,39.15625,2106.59375,545.203125,14296,5002,4612,1072.25,1418,5800,1769.05957,1262,2584.125,2293.902344,6143,870.28125,1924.5,2687.28125,8312,1732.25,1999.625,3429.875,0,702.0625,22.28125,,453.046875,7498,45199280,4831.875,265.65625,199.1875,593.0625,1234.3125,1760.78125,0,1432.875,1314.6875,1002.179688,1061.9375,286,2999.9375,1810.25,1685.0625,474.1875,545.875,46.015625,790.75
2018-08-12T00:00:00-06:00 Denver,114.1875,520,1663484.791,7695.25,15.7421875,731.1875,36666964.97,989.8046875,1824,5188.4375,60276560.69,1382.296875,388,1927,913,3535.875,6316.625,0,471.25,1263.4375,1212,1312,387.765625,4935.304688,249.90625,8919.703125,535.5,515.75,2134.8125,607.75,1594.8125,729.4375,798.625,458.8125,550.59375,514.75,1204.1875,50.78125,1991.3125,484.984375,14416,4992,3952,1072.75,1415,5736,1721.680664,1263,2532.125,2289.019531,6024,754.3125,1872.5,2642.09375,6417,1739.6875,1878.40625,3406.46875,0,689.125,22.2890625,,420.9921875,7471,43897314,4666.8125,288.40625,212.25,611.6875,1182.125,1727.6875,0,1390.6875,1323.3125,981.5097656,1055.4375,282,2882.640625,1788.3125,1770.75,458.8125,536.125,47.4453125,808.4375
2018-08-13T00:00:00-06:00 Denver,170.3125,758.5,1664321.023,8016.5,81.9375,745.5,37047947.47,976.890625,1864,5445.125,60705342.56,1487.484375,463.5,2733,919,4005.625,6756.210938,4.520019531,529,2070.125,989,1400,385.203125,5758.273438,364.03125,9935.78125,665.75,622.75,2409.0625,580.5,1583.1875,1326.625,733.375,499.1875,526.71875,492.75,1904.1875,62.1875,2611.125,487.4375,15344,5246,9688,1155.5,1434,6146,1894.080078,1244,2683.1875,3058.257813,7222,909.53125,2048,2861.9375,7155,1695.15625,2008.46875,3471.3125,0,874.4375,51.984375,,457.40625,8369,45115273,5712.3125,351.625,216.1875,688.75,1164.25,1709.59375,0,728.875,1518.25,1005.769531,1464.1875,428,3160.078125,1762.8125,1625.9375,499.1875,568.125,45.6328125,837.5
2018-08-14T00:00:00-06:00 Denver,165.5625,743,1665335.066,8035.25,81.078125,770.5625,37439320.88,931.7265625,1935,5413.875,61259565.88,1485.9375,464,2650,927,3946.125,6729.765625,0.829956055,557,1773,1192,1398,635.2578125,5632.804688,381.84375,9921.96875,710.75,603.5,2474.625,560.375,1578.8125,952.3125,741.96875,477.9375,582.8125,510.25,1896.125,97.34375,2552.5,601.953125,15196,5246,11396,1209.25,1422,6402,1874.759766,1282,2669.75,3895.191406,6987,873.4375,2085,2907.9375,7286,1645.46875,1985.625,3498.40625,0,867.9375,74,,454.359375,8377,46148772,5296.6875,298.28125,,731.75,1163.5625,1777.09375,0,1073.875,1444.0625,1027.980469,1464.4375,421,3361.359375,1747.875,1714.3125,477.9375,614.4375,46.2109375,822
2018-08-15T00:00:00-06:00 Denver,162.90625,768.5,1666296.35,7866.625,66,763.25,37829243.31,944.4453125,1870,5389.3125,61829225.88,1422.398438,464.5,2542,954,3828.5,6807.703125,0.150024414,553.25,1738.6875,1206,1356,565.53125,5510.4375,471.40625,9846.46875,692.0625,638.75,2470.15625,528.25,1532.8125,1044.9375,736.71875,361.5,600.0625,486.4375,1807.125,110.4375,2377.59375,541.546875,14948,5213,11112,1202,1430,6729,1876.489258,1259,2650.875,3837.839844,6464,938.3125,2174,2859.75,7990,1549.65625,2002.625,3436.65625,0,881.125,65.859375,,355.53125,8350,46996872,5384.1875,242.75,,738.5625,1145.4375,1758.40625,0,1317.4375,1463.0625,1079.400391,1412.3125,439,3471.3125,1699.1875,1622.375,361.5,531.875,45.8203125,715.4375
2018-08-16T00:00:00-06:00 Denver,178.71875,770,1667252.693,7867.375,71.453125,1186.25,38217939,1426.296875,2383,5414.4375,61748332.06,1888.84375,445.5,2584,946,3805.875,7024.453125,0.140014648,527.5,1792.5,1762,1333,618.6015625,5566.898438,492.40625,9998.6875,725.25,604.75,2436.5,627.9375,1932.5,1047.3125,766.03125,364.8125,729.09375,634.25,1787.0625,220.5,2438.03125,657.765625,15248,5247,10582,1169.25,1433,7319,1924.839844,1725,2686.1875,4802.761719,7388,911.96875,2217,3207.5,8085,1649.96875,2027.875,3480.125,0,867.375,67.8984375,,376.1171875,8413,47057515,5617.875,295.09375,,680.25,1538.875,2524.5,0,776.3125,1419.1875,1326.380859,1482.4375,428,3223.671875,2017.375,1497.6875,364.8125,536.5625,46.984375,777.1875
2018-08-17T00:00:00-06:00 Denver,177.28125,724.5,1668248.984,7795.875,73.2890625,1310.8125,38579354.63,1473.695313,2572,5361.25,62959988.5,1943.53125,463,2670,957,3817,7124.40625,0.349975586,535.5,1973.1875,2008,1364,647.6953125,5446.929688,612.75,10003.1875,668.6875,642.5,2418.53125,599.40625,2036.8125,1168.5,805.90625,419.3125,780.78125,635.46875,1761.6875,127.4375,2615.625,715.328125,15252,5167,9812,1164.75,1416,7088,1932.791016,1981,2691.5625,4910.097656,6880,914.03125,2155.5,3220,7636,1653.53125,1996.875,3486.0625,0,871,51.9296875,,441.546875,8204,46715486,4675.5625,300.8125,,670.6875,1589.9375,2669.0625,0,951.875,1460.5625,1381.609375,1409.75,415,3010.109375,2009.3125,1665.0625,419.3125,554.75,45.6953125,748.125
2018-08-18T00:00:00-06:00 Denver,118.03125,523.5,1669070.924,7605.375,8.15625,1189.1875,38954271.56,1440.140625,2360,5052.9375,62752693.06,1787.664063,431,2276,902,3822.75,6894.78125,0,484.5,1461.5625,1608,1156,565.6953125,4545.976563,609.75,8869,576.3125,570,2144.65625,516,1921.125,830.9375,708.03125,330.25,725.9375,575.40625,1034.1875,134.875,2087.46875,641.796875,14188,4968,8170,1046.75,1395,7085,1752.5,1852,2574.5,6600.410156,6071,715.28125,1942,2878.90625,6843,1626.9375,1786.25,3300.21875,0,726.125,22.890625,,244.4765625,7222,47774589,4635.75,179.78125,,590.75,1477.25,2432.4375,0,1180.6875,1360,1470.269531,1038.6875,293,2619.1875,1761.5,1600.625,330.25,474.0625,45.7578125,616.6875
2018-08-19T00:00:00-06:00 Denver,113.125,509.5,1669792.695,7579.25,8.25,1185.0625,39326438.88,1459.96875,2273,4978.4375,63765983,1753.210938,432.5,1759,934,3361.375,6219.078125,0,501.75,1430.25,1260,1151,613.1640625,4636.351563,360.90625,8732.03125,569.5625,560.75,2111.9375,581.21875,1841.875,722.5625,710.5625,312,726.90625,583.53125,1152.25,96.71875,2184.0625,622.40625,13328,5020,7928,1039,1394,6932,1752.779297,1824,2548.875,2854.257813,6007,637.6875,1897,2807.21875,6173,1689.125,1945,3243.375,0,724.8125,22.796875,,289.3984375,7151,47226773,4699.0625,170.28125,,603.5,1466.1875,2400.75,0,1262.625,1378.75,1575.371094,979.0625,284,2516.546875,1707.0625,1730.25,312,458.8125,47.2109375,635.5
2018-08-20T00:00:00-06:00 Denver,158.15625,809.5,1670695.713,8382.25,68.203125,1171.8125,39702282.75,1499.90625,2331,5214.25,64194890.69,1766.59375,539.5,2749,1019,4123.25,6966.359375,1.800048828,539.75,2271.8125,2042,1287,603.296875,5766.640625,383.9375,10624.125,745.25,705.25,2417.875,565.46875,1875.875,1419.0625,668.5,397.4375,684.75,568.53125,1974.6875,115.5625,2672.875,600.546875,14812,5181,10796,1182.5,1405,7244,1964.03125,1795,2835.3125,4139.242188,7132,990.78125,2128.5,2980.78125,6732,1630.84375,2251.875,3395.15625,0,878.75,42.921875,,367.5546875,8193,48494997,6070.375,209.71875,,784.3125,1440.0625,2275.9375,0,905.625,1612.875,1529.839844,1475.25,460,3024.9375,1756.9375,1859.1875,397.4375,499.5625,45.8984375,754.4375
2018-08-21T00:00:00-06:00 Denver,174.25,859.5,1671700.754,8323.5,59.84375,1155.3125,40088098.5,1472.171875,2310,5264.5,64747186.44,1880.640625,531.5,2729,1030,4275,6905.5625,0.939941406,537.25,1895.1875,1768,1285,587.703125,5725.75,371.75,9922.25,803,707.75,2518.90625,591.9375,1792.75,1255.75,730.96875,438.9375,709.90625,588.03125,1923.1875,137.6875,2664.0625,608.84375,15328,5148,11090,1176.25,1434,7218,1940.96875,1822,2889.375,3403.59375,7140,991.9375,2238,3001.40625,6902,1604.78125,2345.34375,3381.375,0,890.625,45.171875,,328.3359375,8260,48756168,6148.25,284.375,,765.375,1449.625,2359.3125,0,1217.9375,1586.375,1566.347656,1452,449,3226.265625,1767.8125,1804.0625,438.9375,521.9375,45.921875,771.9375
2018-08-22T00:00:00-06:00 Denver,166.6875,869.5,1672685.787,8210.25,75.5703125,1109.625,40475506.84,1453.75,2258,5228.75,64610564.88,1837.757813,544.5,2704,1022,4152.125,7029.515625,2.260009766,527,2230.75,1665,1192,498.640625,5574.046875,414.875,9786.375,780.875,723.5,2569.40625,537.40625,1826.6875,1343.0625,650.15625,396.125,53.0625,589.34375,1909.5,137.6875,2846.625,562.546875,15300,5150,10954,1148.25,1441,7151,1905.960938,1685,2806.5625,5497.734375,7108,964.9375,2199.5,2950.34375,6459,1536.1875,2307,3273.59375,0,882.75,41.4453125,,273.9921875,8230,49225810,6256.4375,276.875,,801.8125,1449.625,2282.5625,0,999.0625,1580.6875,1579.261719,1470.6875,471,3083.34375,1674.75,1895.8125,396.125,505.1875,46.9375,636.125
2018-08-23T00:00:00-06:00 Denver,154.9375,833.5,1673614.234,8236.5,66.15625,1108.25,40865241.56,1507.546875,2218,5358.125,65159683.31,1736.070313,510,2513,941,4123.375,6886.765625,0.040039063,533.75,1785.1875,1578,1245,502.7421875,5398.3125,371.28125,9590.15625,775.75,700.5,2574.9375,510.9375,1789.6875,1040.75,641.1875,388.375,,576.90625,1667.25,115.6875,2635.8125,538.84375,14684,5162,11202,1181.5,1440,6801,1884.029297,1646,2821.25,4949.234375,7123,897.375,2122.5,2842.34375,6806,1588.09375,2308.75,2898.4375,0,914.5,39.3828125,,255.4765625,8171,49287928,6178.375,291.5,,808.6875,1416.5625,2279.5625,0,1063.9375,1471.9375,1615.261719,1373.4375,448,3087.1875,1636.4375,2042.5,388.375,485.9375,47.21875,737
2018-08-24T00:00:00-06:00 Denver,158.21875,800.5,1674545.432,8353.875,77.109375,1125.0625,41252509.5,1471.78125,2233,4971.6875,66387909.69,1831.828125,521.5,2749,1132,3966.875,6954.90625,5.010009766,533.25,2028.5,1686,1248,557.5625,5625.421875,375.0625,9209.125,756.3125,689,2543.65625,532.71875,1860,1338.4375,660.0625,441.875,,580.96875,1556.0625,71.375,2646.1875,579.671875,14960,5103,10412,1175,1446,6715,1639.628906,1722,2736.1875,5962.726563,6950,842.0625,2062,2882.5,6229,1644.25,2247.84375,3348.15625,0,866.8125,41.328125,,319.0390625,8178,49760850,6379.625,329.375,,736.1875,1468.1875,2365.75,0,955.0625,1648.3125,1556.71875,1322.625,424,2934.53125,1703.5,2027.9375,441.875,515.1875,46.8125,708.1875
2018-08-25T00:00:00-06:00 Denver,97.75,514.5,1675374.949,8263.75,6.6171875,1170.125,41648353.72,1472.3125,2272,4554,66848600.69,1868.179688,421,2328,1024,3884.75,6977.921875,0.140014648,494.25,1441.3125,1791,1149,575.671875,4851.359375,227.90625,8689,561.4375,551,2186.40625,561.25,1850.375,916.6875,713.34375,378.4375,,580.53125,933.4375,52.34375,2107.5,635.671875,14044,4962,8988,1063.75,1446,6569,1739.382813,1735,2549.875,6476.539063,6289,638.21875,1792.5,2774.78125,6880,1671.4375,1805.21875,3505.78125,0,688.125,13.6484375,,217.90625,7364,49191072,5380.125,328.8125,,616.5625,1443.375,2450.4375,0,673.875,1558.1875,1598.257813,1012.9375,292,2589.140625,1738.25,2150.125,378.4375,483.375,46.5390625,615.875
2018-08-26T00:00:00-06:00 Denver,97.9375,510.5,1676111.518,8165.125,9.0703125,1148.5,42030210.19,1478.203125,2212,4433.6875,67211747.94,1816.71875,426.5,1873,1020,3432.875,6351.296875,0.010009766,494,1470.0625,1733,1123,547.6875,4913.96875,215.46875,8675.6875,557.25,544.75,2171.96875,544.6875,1791.8125,965,672.3125,319.625,,572.8125,963.0625,63.84375,2075.78125,549.828125,13200,4911,8962,1067,1436,6393,1712.75,1675,2579.4375,2917.765625,6258,703.625,1742.5,2768.5625,5309,1725.65625,1860.21875,4159.625,0,689.4375,13.6953125,,268.3828125,7178,47140903,4774.5625,255.375,,634.75,1407.6875,2414.875,0,1080.4375,1538.9375,1621.550781,984.375,286,2595.015625,1726.875,2164.125,319.625,458.9375,46.8359375,608.25
2018-08-27T00:00:00-06:00 Denver,150.53125,850,1676923.635,9163.625,77.1640625,1044.625,42393409.34,1398.9375,2213,4736.6875,67646279.06,1720.796875,527,3003,1118,4279.75,6535.40625,1.019897461,545.125,2013.3125,1621,1160,480.6875,5498.90625,369.53125,9945.375,795.8125,703,2620.09375,525.59375,1657.75,1149.4375,611.8125,387.9375,,523.25,1720,92.71875,2490.375,537.40625,14128,5173,11196,1209.5,1445,6913,1940.789063,1570,2763.25,3360.71875,7487,995.21875,1973,2858.28125,7066,1580.65625,2242.59375,3892.09375,0,868.25,42.0390625,,228.140625,8081,48434812,6258,264.78125,,794.25,1325.6875,2361.6875,0,1026.8125,1613.8125,1599.871094,1269.8125,433,2899.375,1633.3125,2434.75,387.9375,455.5,47.703125,640.375
2018-08-28T00:00:00-06:00 Denver,159.59375,834.5,1677896.955,8698.625,62.2265625,988.125,42701812.97,1382.3125,2137,4736.3125,67437488.56,1627.539063,516,2827,1079,4209.375,6106.828125,0.520019531,546.5,1594.375,1548,1127,468.7734375,5148.234375,342.8125,10308.6875,824.125,687.75,2602.53125,465.5,1626.9375,1015.75,578.875,360.625,,493.59375,1786.5625,88.0625,2617.5,483.390625,13120,5348,11130,1159.75,1454,7456,2003.039063,1426,2779.0625,3469.375,7132,895.5,2085,2760.625,5713,1514.46875,2393.34375,2949.71875,0,900.0625,34.6953125,,198.6484375,8116,49740053,5968.375,249.46875,,794.9375,1266.1875,2217.4375,0,492.6875,1619.5,1574.058594,1119,414,2939.71875,1528.25,2232.25,360.625,460.9375,47.3125,656.8125
2018-08-29T00:00:00-06:00 Denver,153.0625,828,1678860.662,9156.875,79.2421875,1050.8125,43000413.38,1376.53125,2202,4776.25,67248305.5,1679.046875,522,3098,1089,4222.625,6552.046875,3.770019531,547.875,1782.3125,1612,1230,547.828125,5387.421875,363.375,10926.625,825.6875,693.75,2577.3125,518.125,1778.125,1060,645.09375,392.875,,540.5625,1910.4375,97.5625,2886.28125,539.6875,13292,5395,11188,1163.75,1468,7526,1964.421875,1536,2779.5,3296.195313,6983,978.875,1999.5,2830.8125,6363,1663.75,2406.5625,3412.1875,0,912.8125,29.7421875,,352.3046875,8214,48715011,6328.0625,285.375,,900.875,1356.0625,2318.3125,0,1204.25,1632,1612.671875,1257.0625,434,3208.625,1624.4375,2206.375,392.875,450.875,47.546875,654.4375
2018-08-30T00:00:00-06:00 Denver,159.53125,838.5,1679835.957,9518,66.6484375,1125,43296736.53,1540.515625,2255,4663.8125,68479186.06,1800.882813,503,2886,1128,4148.375,6787.328125,1.820068359,553,1695.5,1762,1297,541.296875,5581.5,364.71875,11320.59375,751.25,660.5,2464.59375,519.3125,1800.5,1207,721.03125,443.9375,,588.15625,1908.8125,96,2801.9375,564.328125,13720,5418,11430,1172.75,1456,7663,1916.238281,1724,2789.8125,3156.75,6956,913.71875,2064.5,2915.125,12574,1639.59375,2402,3296.28125,0,878.375,32.46875,,412.9140625,8294,47035831,6051.0625,280.5,,867.5625,1452.5,2404.0625,0,1483.3125,1662.25,1555.160156,1386.5625,436,3739.28125,1681.5,2218.0625,443.9375,495.9375,46.65625,861.1875
2018-08-31T00:00:00-06:00 Denver,169.28125,823,1680833.371,9343.875,84.1328125,1112.125,43591860.25,1468.328125,2297,4685.1875,68972677.38,1784.78125,488.5,2913,1090,3941.875,6696.4375,5.319946289,550.25,1843.8125,1784,1254,574.3359375,5457.34375,315.375,11091,705.75,596.25,2404.9375,533.25,1810,999.625,677.03125,444.75,,571.46875,1781.8125,83.78125,2767.59375,619,13744,5351,10532,1150.5,1469,7759,1865.75,1687,2751.5,3182.195313,6698,854.96875,2079.5,2939.875,7826,1629.125,2340.25,3695,0,858.6875,33.28125,,368.9375,8098,48343199,6440.25,266.21875,,803.375,1468.5,2432.8125,0,954.75,1549.3125,1571.058594,1235.25,410,3544.4375,1723.8125,2035.875,444.75,498,47.296875,773.25
2018-09-01T00:00:00-06:00 Denver,106.28125,510.5,1681657.154,8773.5,9,1052.5,43875757.88,1553.28125,2234,4455,70151217.94,1616.164063,423,2404,985,3662.375,6450.875,0,485.125,1262.0625,1659,1110,544,4614.84375,179.6875,9936.25,555.1875,447,2181.9375,503.34375,1732.1875,850.3125,600.03125,346.875,,535.78125,933.25,72.34375,2482.84375,560.703125,12900,5053,8572,1054,1477,7555,1685.550781,1590,2575.125,2650.765625,5834,709.125,1846.5,2663.0625,5240,1677.90625,1921.6875,3610.34375,0,732.6875,2.609375,,293.1796875,7222,50309418,6414.3125,220.4375,,707.1875,1399.5,2363.125,0,787.0625,1465.375,1521.699219,967.5,264,3069.34375,1643.6875,1907.914978,346.875,427.375,46.5,570.375
2018-09-02T00:00:00-06:00 Denver,106.65625,529.5,1682377.85,8074.125,9.078125,1093.375,44151715.63,1492.484375,2240,4462.5625,69778701.5,1653.171875,417.5,1878,997,3441.25,5988.96875,0,485.25,1292.875,1704,1100,530.21875,4874.546875,166.5625,9682.84375,560.8125,452.75,2188.28125,514.84375,1736.75,810.25,616.25,347.375,,528.84375,941.8125,128.5,2281.59375,558.234375,12924,4992,8368,1034.75,1480,7398,1686.371094,1576,2585.5625,2620.429688,5736,756.03125,1774.5,2736.625,4617,1643.34375,1828.1875,3584.3125,0,735.625,2.6015625,,335.1953125,7157,49692497,6420.1875,203.40625,,703.875,1364,2342.25,0,844.9375,1465.4375,1513.242188,973.875,268,3116.96875,1656.3125,1630.659973,347.375,439.5,47.6953125,590.1875
2018-09-03T00:00:00-06:00 Denver,107.03125,508.5,1683107.557,8045.125,67.6640625,1156.3125,44426965.72,1570.75,2232,4471.375,70860337.5,1730.171875,430,2632,1009,3710.75,6506.53125,0,491.125,1699.9375,1716,1167,592.375,5210.890625,177.3125,10175.6875,579.9375,452.25,2214.1875,546.8125,1765.625,875.625,703.21875,359.3125,,582,1111.125,150.6875,2606.625,588.015625,12880,5073,7738,1053.5,1472,7591,1681.660156,1640,2603,2609.398438,6419,765.09375,1763,2798,5150,1704.25,1888.625,3571.0625,0,731.75,2.578125,,361.4296875,7219,49501349,6392.25,203.96875,,679.4375,1412.75,2404.5,0,942.625,1476,1600.710938,1009.25,353,3227.03125,1713.1875,1626.380127,359.3125,442.5625,46.7578125,627.375
2018-09-04T00:00:00-06:00 Denver,152.84375,806,1683970.582,8224.5,78.6875,1104.1875,44712152.72,1511.328125,2236,4675.25,70532566.38,1756.335938,517,2975,1115,4078.25,6588.5625,3.270019531,537,1822,1684,1237,539.953125,5485,391.03125,11209.1875,783.1875,615.25,2603.53125,547.90625,1761.125,1168.375,672.84375,405.4375,,541.21875,1769.6875,191.40625,2779.53125,561.953125,13800,5251,10664,1160.5,1458,7731,1929.578125,1654,2760,3183.757813,6949,3506.46875,2093,2936.625,5792,1657.75,2490,3518.6875,0,914.625,31.125,,359.296875,8090,51500160,6168.875,312.40625,,908,1408.75,2413.0625,0,605.1875,1617.8125,1575.347656,1324.25,434,3485.5625,1692.1875,2112.699707,405.4375,478.0625,46.5,772.75
2018-09-05T00:00:00-06:00 Denver,145.46875,945.5,1684943.674,8960.125,78.2578125,1093.5625,45004807.75,1544.625,2249,4707.0625,71774593.44,1794.484375,526.5,2989,1117,4083.5,6658.625,10.4699707,544,1993.375,1725,1236,566.9765625,5527.78125,422.5,11269.15625,763.1875,630.75,2591.3125,549.03125,1762.5,1121,666.34375,402.0625,,589.625,1854.125,175.375,3089.65625,610.25,14096,5257,11162,1201.5,1450,7639,1992.328125,1663,2790.3125,3175.1875,7041,,2005.5,2980.8125,5971,1667.4375,2622.6875,3668.78125,0,933.1875,30.5390625,,397.8046875,8175,52861260,6155.5625,274.375,,857.8125,1375.125,2424.4375,0,353.8125,1616.25,1630.660156,1263.375,437,3736.71875,1745.1875,2114.060059,402.0625,476,47.078125,650.5625
2018-09-06T00:00:00-06:00 Denver,164.65625,869,1685919.508,9393.375,62.03125,1154.125,45297063.09,1500.171875,2283,4754,72309974.56,1837.765625,513,3327,1133,4243.375,6754.78125,12.10998535,548,1737.125,1777,1242,597.28125,5560.609375,417.96875,11578.59375,744.9375,634.75,2468.90625,549.25,1840.75,1090.375,731.25,429.1875,,597.9375,1990,203.65625,3150.09375,661.96875,14404,5356,11658,1245,1440,7585,1988.613281,1778,2764.8125,3261.109375,6857,,2062.5,3072.4375,6335,1634.125,2531,4146.8125,0,903.1875,30.4609375,,393.609375,8187,53127760,6212.5,291.40625,,831.75,1439.625,2446.1875,0,847.4375,1626.1875,1590.550781,1302.25,427,3945.875,1801.375,2144.759766,429.1875,525.25,66.46875,807.75
2018-09-07T00:00:00-06:00 Denver,155.71875,811.5,1686884.902,9344.5,79.78125,1148.6875,45586494.06,1536.828125,2351,4693.6875,72870828.19,1874.601563,495.5,3303,1093,4165.125,7194.9375,13.2800293,540.5,1915.8125,1802,1223,650.84375,5594.0625,323.75,11388.5,760.6875,586.25,2211.03125,593.3125,1876.25,1113.0625,722.25,427.25,,629.15625,1963.1875,88.5625,3176.9375,669.484375,14356,5336,10772,1206.75,1457,7544,1903.160156,1231,2714.1875,3254,6907,501.6875,1989.5,3096.0625,6203,1656.71875,2528.0625,5285.40625,0,900.25,30.109375,,422.65625,8159,52725593,6147.9375,296.78125,,792.3125,1458.5,2444.0625,0,619.8125,1590,1622.710938,1245.0625,424,3780.90625,1789,2052.810547,427.25,495.375,25.96875,731.625
2018-09-08T00:00:00-06:00 Denver,100.3125,539.5,1687690.012,9244,5.8671875,1179.6875,45866999.47,1539.234375,2279,4481.8125,73359318.69,1870.257813,421.5,2073,999,4001.125,7318.40625,0,481.75,1496.8125,1820,1142,605.2421875,4954.390625,196.21875,10504.75,571.5,443.75,1926.40625,588.34375,1896.8125,944.125,715.53125,354.9375,,598,938.5625,70,3165.4375,683.59375,13572,5066,9246,1122.25,1422,7480,1705.699219,1103,2574.875,2650.515625,6234,709.1875,1815,2847.5,5353,1715.375,2221.9375,5264.65625,0,764.125,2.5546875,,389.8359375,7396,52312913,4962.8125,239.9375,,710.9375,1485.4375,2451.875,0,560.875,1437.875,1580.847656,1028.1875,293,3456.53125,1795.0625,1983.359375,354.9375,494.125,47.4765625,633.0625
2018-09-09T00:00:00-06:00 Denver,100.5625,552.5,1688413.869,9006.75,7.8984375,1144.0625,46141609.59,1536.5625,2253,4440.25,73764946.56,1800.515625,409.5,2089,991,3879.875,6597.96875,0.010009766,481.25,1358.0625,1771,1141,626.265625,4955.953125,199.09375,10249.75,542.9375,440.5,1897.78125,565.78125,1808.5,867.125,729.65625,322.25,,562.40625,904.1875,68.46875,2525.90625,653.34375,13188,5096,9256,1123.75,1438,7467,1692.257813,2152,2565.25,2666.296875,6138,632.1875,1772.5,2798.75,4638,1757.21875,1889.625,5075.28125,0,770.0625,2.5625,,333.015625,7202,53242122,4742.375,201.3125,,692,1413.3125,2465.4375,0,590,1454.25,1602.179688,978.875,285,3536.75,1717.8125,1594.870117,322.25,463.625,47.0234375,601.125
2018-09-10T00:00:00-06:00 Denver,365296.5938,760,1618893.762,1760547.125,125494.4609,634871.75,44484621.06,168338.75,2225,965409.875,60266954.31,1804.257813,6018142,3304,4749735,1480129.75,329163.3438,1458.499878,1541165,762853,2252376,2157040,86235.76563,256002.6406,458139.5938,566910.125,716644.5625,3646163,2250.78125,283650.0625,594066.25,802511.6875,418888.6563,662243.6875,,585.84375,1591.375,92.0625,522324.0938,154020.3438,60448684,13041740,22806962,3414765,2200114,7671,67519.25391,1792,141223,154305.1406,9489894,439307.0938,6659696,568987.625,14543504,453531.8125,557919.5,492685.5938,0,931.75,78756.02344,,102474.0547,14027884,51916072,769091.625,448907.5,,713578.6875,1436.25,587198,549008,1131.6875,585357.5625,67341.92188,862604.9375,435,316028.4063,1752.9375,1925.629883,662243.6875,842670.8125,45.78125,689082.6875
2018-09-11T00:00:00-06:00 Denver,160.21875,,1690303.566,9446.875,81.6953125,1159.8125,46722739.72,1457.921875,2291,4967.4375,,1836.632813,514,2989,1130,4784,7232.96875,5.800048828,,1769,1723,1263,573.0546875,5558.703125,409.25,11144.5,776.875,630,2213.75,541.96875,1830,1138.25,695.125,413.4375,,552.40625,1798.25,247.46875,3410.1875,615.75,14548,,11892,1189.75,1431,7624,1999.625,1611,,4743.390625,7055,904.875,2126,3061.9375,6689,1670.6875,2659.5,4869.03125,,947.9375,31.71875,,375.2890625,,54445950,6399.3125,326.65625,,894.1875,1419.8125,2465.75,,1492.5625,1639.1875,1591.171875,1317.875,432,3640.84375,1755.1875,1924.849609,413.4375,509.9375,47.328125,760.625
2018-09-12T00:00:00-06:00 Denver,150.53125,,1691277.271,9444.375,73.546875,1139.875,47017470.38,1488.6875,2233,5466.8125,,1771.15625,521,3095,1128,4779.75,7272.25,20.35998535,,1958,1674,1212,570.8515625,5551.09375,427.40625,11288.25,814.5625,622.75,2167.6875,514.625,1814.1875,1170.6875,683.9375,416.375,,531.46875,1794.5625,233,3487.6875,597.28125,14288,,11660,1199.5,1392,7667,1998.554688,1478,,4472.921875,6960,971.90625,2020.5,3109.4375,6839,1654.84375,2677.5,5226.9375,,936.0625,38.7421875,,351.15625,,54714460,6208.125,238,,871,1384,2434,,1341.125,1625.875,1589.640625,1305.75,435,3729.84375,1700.3125,1938.271484,416.375,490.75,47.34375,824.3125
2018-09-13T00:00:00-06:00 Denver,178.90625,,1692186.99,9094,46.6796875,1074.375,47306355.63,1491.140625,2185,5441.625,,1689.390625,514.5,2940,1103,4721.625,6966.25,11.83007813,,1584.25,1618,1138,543.7421875,5272,341.59375,11021.8125,837.25,625.5,2227.125,479.1875,1763.125,960.3125,633,374.1875,,504.4375,1974.25,286.875,3253.6875,579.703125,14400,,11278,1200.75,1465,7588,1916.546875,1486,,4499.3125,7012,819.40625,2060,3013.875,7205,1646,2435.625,5015.90625,,904.375,41.40625,,264,,54984150,6288.8125,259.6875,,826.9375,1322.125,2437.9375,,1151.0625,1611.5625,1558.976563,1143.4375,428,3767.375,1629.8125,1929.869141,374.1875,442.1875,47.4375,824.9375
2018-09-14T00:00:00-06:00 Denver,166.1875,,1693077.271,9133.625,67.8046875,1098.0625,47596361,1436.703125,2216,5547.5,,1731.78125,496,3088,1082,4490.375,6981.625,8.75,,1785.375,1597,1198,520.5546875,5326.5,337.1875,11081.6875,797.8125,600.75,2069.4375,486.78125,1788.875,1098.25,649.0625,390.5625,,517.8125,1918.6875,126.125,3227.4375,587.671875,14948,,10360,1132.25,1480,7452,1971.039063,1588,,6264.21875,6723,752.1875,2044.5,3000.3125,7458,1601.9375,2245.125,5013.4375,,866.0625,36.7578125,,361.3359375,,55254130,6494.9375,320.9375,,783.3125,1347.3125,2413.6875,,1332.5625,1474.625,1563.382813,1087.3125,402,3730.65625,1634.0625,1730.160156,390.5625,444.75,46.5,853.125
2018-09-15T00:00:00-06:00 Denver,108.03125,,1693926.291,9129.125,6.8046875,1132.8125,47916546.75,1560.296875,2262,5336.9375,,1882.984375,408.5,2736,1022,4202.25,7095.75,0,,1391.3125,1720,1181,594.5625,4785.84375,180.0625,10285,613.8125,448,1829.625,559.0625,1893.5625,885.9375,723.40625,384.5,,618.40625,1098.5625,93.375,3166.5625,700.1875,14452,,8894,939.25,1465,6926,1786.570313,1647,,2631.984375,6193,591.03125,1866,2933,10740,1735.21875,1803.4375,5189.53125,,719.125,13.25,,434.5625,,55526010,5757.3125,239.0625,,655.3125,1415.1875,2565,,1558.875,1453,1581.171875,924.8125,269,3323.9375,1746.25,1691.710938,384.5,479.5625,47.234375,790.625
2018-09-16T00:00:00-06:00 Denver,113.4375,,1694706.344,8959.25,6.875,1170.25,48238981.75,1500.328125,2296,5284.4375,,1890.078125,415,2112,1005,3887.75,6530.40625,0.009887695,,1420.9375,1761,1134,632.7421875,5034.78125,189.1875,10133.5,591.4375,445.5,1827.0625,586.21875,1877.8125,992.25,756.4375,354.25,,594.6875,1154,138.4375,2467.5,681.609375,14416,,9194,949.25,1467,7280,1768.101563,1654,,2664.234375,6094,555.78125,1886.5,2969.0625,7540,1827.8125,1904.5625,4973.0625,,707.125,13.34375,,368.625,,55794230,4825.375,234.15625,,702.3125,1378.625,2593.25,,1350.5625,1474.5,1629.054688,875.0625,277,3334.90625,1745.0625,1679.888672,354.25,452.625,45.671875,765.5625
2018-09-17T00:00:00-06:00 Denver,164.5625,,1695590.834,9256.125,76.328125,1152.6875,48567146.13,1544.34375,2245,5518.0625,,1813.859375,519,3196,1111,4759.125,6989.03125,19.18005371,,1977.4375,1675,1267,609.90625,5587.5,382.3125,11196.4375,808.4375,636.25,2209.375,511.25,1850,1170.9375,713.84375,406.125,,563.34375,2040.9375,303.28125,3260.0625,591.84375,15504,,11820,1133,1478,7605,2011.367188,1608,,3100.15625,7048,941.125,2031,3154.375,6558,1649.78125,2116.375,5065.21875,,896,44.921875,,347.7734375,,55364304,6227.625,315.09375,,907.125,1410,2538.875,,1263.125,1675.0625,1624.664063,1256.375,431,3634.71875,1686.5625,1994.630859,406.125,473.5,47.4140625,867.0625
2018-09-18T00:00:00-06:00 Denver,167,,1696565.283,9357.25,75.890625,1153.1875,48900780.81,1501,2201,5616.790039,,1837.515625,515.5,3262,1120,4761.625,7174.4375,7.079956055,,1729.125,1679,1319,591.359375,5607.59375,364.625,11302.5,791.5625,633.75,2420.5625,525.65625,1851.0625,1237.8125,684.5,421.0625,,577.125,2125,172.75,3271.625,644.0625,15452,,12000,1229,1467,7542,1979.554688,1630,,4643.140625,7070,892.1875,2109,3125.4375,6666,1700.84375,2337.0625,5174.3125,,915.75,50.9140625,,420.265625,,55401258,6194.1875,338.25,,913.625,1453.6875,2517.125,,1337.125,1709.4375,1624.929688,1239.625,432,3638.65625,1702.375,1956.041016,421.0625,509.8125,46.859375,938.375
2018-09-19T00:00:00-06:00 Denver,160.25,,1697533.512,9071,61.6640625,1085.4375,49232771.22,1444.109375,2194,5554.049805,,1704.578125,527,2926,1094,4757.625,6913.84375,3.800048828,,1887.625,1514,1235,535.3828125,5335.40625,351.71875,10971.75,821.875,638.5,2499.3125,466.21875,1807.25,1071.25,655.53125,365.25,,523,1950.5,122.78125,3293.4375,600.09375,14728,,11504,1269,1471,7571,1948.1875,1562,,4383.6875,6987,886.78125,2009,3030.8125,6929,1676.46875,2308.125,4980.4375,,928.9375,48.15625,,254.421875,,56615940,6182.125,260.5,,942.25,1333.5625,2445.5625,,953.5,1690.8125,1669.460938,1181.3125,418,3647,1611,1887.199219,365.25,456.0625,48.1171875,752.4375
2018-09-20T00:00:00-06:00 Denver,167.21875,,1698551.262,8574.375,37.203125,965.375,49566731.03,1333.421875,2065,5454.280273,,1534.078125,529,2743,1089,4729.25,6714.6875,2.420043945,,1636.625,1434,1148,459.3984375,5135.9375,356.375,10639.5625,810.875,630.25,2533.0625,405.90625,1626.75,988.4375,594.96875,331.75,,457.09375,1919,125.875,2937.5625,487.90625,14856,,11100,1186.5,1474,7263,1988.796875,1355,,4586.421875,6952,954.4375,2028.5,2798.6875,6345,1565.15625,2329.6875,4263.125,,917.625,36.6953125,,195.828125,,57130668,6192.9375,242.5,,927.3125,1200.125,2322.9375,,797.4375,1675.3125,1591.726563,1045.875,401,3686.78125,1494,1841,331.75,417.5625,47.046875,789.5
2018-09-21T00:00:00-06:00 Denver,148,,1699522.941,8552.375,57.484375,951.0625,49898073.28,1293.46875,2064,5484.15918,,1588.078125,524,2755,994,4469.125,6652.09375,4.569946289,,1729.1875,1438,1105,438.5,5163.65625,278.84375,10629.5625,802.625,598.75,2484.1875,426.375,1613,1072.4375,588.90625,317,,462.1875,1871.3125,223.03125,3017.5625,525.625,14532,,9780,1191.25,1472,7092,1949.703125,1371,,6547.890625,6626,855.78125,1983,2852.0625,6200,1560.71875,2299.375,4046.9375,,855.75,30.7890625,,245.96875,,58841431,6135.9375,257.71875,,885.9375,1191.6875,2338.125,,938.5,1557.6875,1567.296875,952.875,397,3673.625,1480.1875,1708.347656,317,386.375,48.703125,794.625
2018-09-22T00:00:00-06:00 Denver,89.34375,,1700309.352,7287.625,7.984375,1058.3125,50224710.56,1355.09375,2137,5335.451172,,1667.984375,423,2532,1023,4205.375,7213.6875,0.010009766,,1380.3125,1544,1064,551.8125,4721.8125,186.0625,10046.1875,604.0625,475.25,2154.625,485.03125,1673.0625,803.25,664.3125,293.875,,539,1041.1875,199.40625,3061.75,596.828125,14568,,8680,1115.5,1447,7244,1753.71875,1487,,2249.640625,6088,637.96875,1824,2757.25,4963,1681.46875,2233.5,4284.3125,,693.0625,2.6015625,,341.5234375,,56492587,5099.1875,171.15625,,722.0625,1291.125,2404.25,,915.375,1490.125,1556.8125,842.75,261,3327.75,1620.25,1759.332031,293.875,401.625,48.0859375,758.25
2018-09-23T00:00:00-06:00 Denver,76.21875,,1701023.369,9490,8.4453125,1103.0625,50541897.56,1383.40625,2143,5265.849609,,1719.5625,442,1858,980,3835.625,6548.40625,0,,1472.6875,1601,1031,585.078125,4814.6875,135.5625,10208.625,598.5,451.25,2120.1875,483.78125,1740.25,1117.375,675.21875,281.0625,,535.3125,1088.4375,103.5,2516.625,564.109375,14448,,8926,1091.5,1429,7181,1713.242188,1466,,2057.109375,5968,603.71875,1786,2856.8125,4604,1691.5,1869.125,5105.5,,693.3125,2.59375,,293.203125,,53140573,4771.25,166.125,,741.4375,1295.875,2430.6875,,954.8125,1493.6875,1597.414063,816,278,2999.53125,1659.0625,1719.460938,281.0625,385.1875,47.078125,704.1875
2018-09-24T00:00:00-06:00 Denver,137.90625,,1701907.277,8365.625,46.0546875,972.5625,50867094.38,1286.578125,2106,5423.259766,,1559.015625,527.5,2738,991,4795,6430.75,2,,1831.5,1444,1091,455.140625,5164.0625,281.125,10499.375,806,648,2438.9375,429.15625,1638.75,1021.6875,596.5625,315.75,,472.78125,1792.4375,239.40625,3019.5625,513.734375,13756,,10754,1187.25,1437,7039,1932.609375,1330,,2748.5625,6840,753.84375,2026.5,2837.4375,5471,1581.8125,2236.625,4009.375,,855.4375,29.9765625,,163.875,,58936628,5912.125,220.21875,,1014.4375,1220.125,2333.125,,759.1875,1635.1875,1604.554688,1007,433,3218.25,1506.4375,1897.527344,315.75,397.75,48.640625,736.3125
2018-09-25T00:00:00-06:00 Denver,122.03125,,1702894.266,7912.75,39.0390625,844.0625,51203065.06,1216.28125,1976,5403.53125,,1434.859375,527.5,2580,943,4752.875,4969.53125,4,,1647.75,1363,1080,413.84375,4794.3125,284.53125,9860.25,816.0625,613.25,2485.1875,400.1875,1470.125,1067.4375,539.84375,302.5625,,430.28125,1820.875,353.28125,2749.375,465.1875,12752,,10440,1227.5,1447,6822,1974,1238,,3893.46875,6872,754.65625,2121.5,2764,5427,1570.78125,2359.9375,3130.6875,,873.8125,30.3515625,,126.8828125,,54350679,6382.9375,292.34375,,1006.75,1172.8125,2239.625,,854.375,1678.3125,1593.609375,969.5625,429,3197.59375,1376.5,1842.769531,302.5625,381.3125,49.2109375,809.3125
2018-09-26T00:00:00-06:00 Denver,131.8125,,1703883.514,7940,41.0625,912.6875,51537233.94,1187.828125,1909,5398.109375,,1456.78125,533.5,2565,1090,4752.5,5576.46875,3.520019531,,1793.0625,1335,1027,429.3828125,4882.21875,270.875,9913,827.0625,624,2462.0625,412.53125,1392.125,1060.75,533.96875,292.1875,,445.1875,1714.4375,186.15625,2841.9375,466.1875,13432,,10348,1167.25,1437,6684,1978.3125,1271,,3890.078125,6813,766.90625,2009.5,2722.0625,5846,1624.9375,2204.9375,3516,,876.3125,31.6875,,139.9296875,,59224713,6215.25,267.28125,,950.25,1161.375,2210.75,,911.5,1679.75,1594.242188,945.5,429,3204.40625,1370.5,1808.722656,292.1875,377.75,48.2109375,690.0625
2018-09-27T00:00:00-06:00 Denver,119.46875,,1704914.029,8287,32.1328125,979.4375,51870514.56,1275.125,1993,5503.578125,,1585.265625,523.5,2689,1387,4761.625,6082.0625,6.789916992,,1714.4375,1397,1043,460.8671875,5064.5625,247.09375,10511.5,809.375,627.75,2294.3125,422.625,1541.5625,955.5,604.1875,316.1875,,466.15625,2004.3125,174.03125,2995.9375,460.015625,13648,,10888,1191.25,1449,6921,1995.929688,1320,,3887.40625,6968,788.34375,2035,2826.625,6381,1548,2307,4045.625,,857.6875,32.0859375,,191.1015625,,62940000,6295.6875,246,,890.125,1255.25,2287.125,,1061.6875,1672.875,1573.820313,927.125,424,3233.9375,1430.25,1826.527344,316.1875,391.125,48.59375,823.375
2018-09-28T00:00:00-06:00 Denver,126.09375,,1705894.721,8769.875,40.3359375,1072.1875,52202013.06,1375.40625,2089,5539.902344,,1647.40625,514.5,2773,1384,4499,6444,15.39001465,,1915.1875,1480,1075,512.515625,5346.78125,236.65625,10692.375,785.9375,611.25,2314.75,486.0625,1657.6875,1085.125,627.03125,340.5625,,493.65625,1988.125,170.53125,3099.4375,538.015625,14144,,10136,1215.25,1455,7194,1954.828125,1404,,4847.84375,6708,780.53125,2022.5,2930.875,6478,1584.03125,2219.8125,4952.3125,,850.875,30.625,,249.1328125,,62999331,5786.5,218.8125,,844.5625,1303.657471,2391.375,,1092.0625,1616.5,1586.242188,947.125,351,3245.71875,1536.125,1713.402344,340.5625,433.5625,47.9140625,807.125
2018-09-29T00:00:00-06:00 Denver,69.25,,1706719.783,8910.75,5.6484375,1073.6875,52523517.38,1434.984375,2147,5417.117188,,1663.25,459,2465,1322,4173.5,7190.9375,0,,1289.8125,1546,1001,558.78125,4832.53125,139.375,10313.25,602.6875,451.5,2122.625,500.65625,1676.9375,833.875,680.625,307.6875,,523.9375,1088.1875,212.125,3133.625,591,13992,,8664,1087.25,1440,7075,1768.882813,1483,,2035.46875,6183,724.9375,1794,2803,6040,1667.90625,1935.1875,5140.75,,684.625,2.6328125,,310.5703125,,60583358,5256.1875,207.34375,,694.625,1284.540039,2475.9375,,1360,1523.1875,1584.234375,867.875,268,3019.40625,1619.0625,1677.839844,307.6875,445.25,47.53125,724.9375
2018-09-30T00:00:00-06:00 Denver,65.75,,1707515.748,8820,6.6953125,1088.875,52840160.44,1426.640625,2145,5180.328125,,1759.546875,482.5,2254,1328,3822.125,6628.1875,0,,1582.3125,1556,954,574.90625,4751.09375,116.75,10128.5,600.1875,441,2085.25,499.6875,1737.5,1193,660.71875,295.4375,,512.625,1082.25,92.40625,2528.5,558.984375,13672,,9012,1084.75,1438,7128,1762.929688,1544,,2414.875,5932,678.78125,1734,2877.625,5007,1708.875,1714.3125,5111.3125,,700.8125,2.6015625,,219.421875,,60871097,4843.9375,192.53125,,716.25,1304.97998,2386.75,,1201.875,1535.375,1613.820313,814.875,291,2937.5625,1642.1875,1655.257813,295.4375,410.3125,46.3828125,686.6875
2018-10-01T00:00:00-06:00 Denver,128.28125,,1708427.986,8843.25,46.125,989,53166361.25,1279.359375,2105,5409.765625,,1622.4375,533,2672,1156,4757.5,6491.125,14.98010254,,2033.8125,1456,1036,471.9765625,5296.4375,242.125,9826.9375,785,618,2377.125,425.375,1579.5,1268.0625,621.25,317.625,,486.84375,1904,173.8125,3008.375,508.6875,14964,,11244,1239,1446,7129,2001.109375,1413,,2777.828125,6869,784.96875,2007,2896.125,5680,1641.40625,2205.625,4262.375,,892.75,30.625,,239.8125,,64407298,6219.5625,242.15625,,848.625,1252.539795,2371.625,,1231.9375,1709,1629.78125,1030.875,437,3282.40625,1527.3125,1802.5,317.625,417.125,48.765625,758.4375
2018-10-02T00:00:00-06:00 Denver,129.125,,1709413.652,9416.75,43.375,1054.375,52942498.75,1322.265625,2168,5363.15625,,1678.03125,536.5,2850,1094,4768.5,7689.53125,7.069946289,,2037.5,1545,1109,494.4453125,5416.3125,326.5,9731.5,761.3125,635.75,2387.375,481.40625,1622.9375,1578.3125,649.59375,348.625,,501.21875,1890.5,310.59375,3143.1875,543.859375,15672,,11032,1238.5,1443,7418,2015.46875,1411,,2917.640625,6893,829.28125,2118,3042.9375,6237,1616.625,2391.8125,4882.6875,,879.3125,30.0703125,,257.3984375,,63713495,6223,274,,876.8125,1317.050293,2415.125,,1716.0625,1712.875,1695.585938,1100.875,449,3383.96875,1571.0625,1910.683594,348.625,456.25,46.6640625,824.625
2018-10-03T00:00:00-06:00 Denver,140.375,,1710435.408,8991.625,43.265625,1008.0625,53833929.25,1393.640625,2176,5232.859375,,1593.34375,547.5,2722,1038,4795.75,7290.15625,10.95996094,,2020.375,1474,1096,501.7734375,5247.6875,265.125,9333.1875,829.25,651,2363.5,434.28125,1615.375,1317.25,586.375,335.3125,,485.84375,1795.25,314.21875,2956.1875,526.6875,14936,,10052,1254,1450,7204,1988.8125,1419,,2721.640625,7114,837.8125,2038,2972.5,5690,1589.65625,2287.6875,4541.625,,873.4375,31.6640625,,170.703125,,65024264,6488.375,227.65625,,896.25,1247.699707,2360.75,,1648.875,1740.0625,1723.796875,1036.25,445,3354.21875,1499.3125,1873.449219,335.3125,411,47.9140625,724.875
2018-10-04T00:00:00-06:00 Denver,136.75,,1693635.867,8378.75,31.8984375,829.25,54169202.31,1282.703125,2016,5141.34375,,1538.765625,569,2518,988,4690.875,6069,0.030029297,,2000.4375,1342,1051,364.7265625,4973.53125,254.96875,9100.1875,849.125,621,2324.375,394.15625,1441.5,1435.8125,535.03125,294.625,,440.46875,1754.75,230.78125,2741.3125,444.453125,13096,,8308,1236.75,1451,6519,1967.023438,1330,,2851.5,6998,793.46875,2006,2716.25,4635,1560.90625,2350.625,2713.75,,856.5,31.8359375,,104.9921875,,66602213,6461.6875,186.96875,,890.5,1218.470215,2264.0625,,1192.6875,1675.9375,1707.421875,907.6875,457,3379.90625,1419.3125,1770.617188,294.625,390,48.40625,757.625
2018-10-05T00:00:00-06:00 Denver,134.84375,,1712416.127,5756.25,36.2734375,760.875,54501604.31,1164.1875,1755,5079.421875,,1411.03125,534.5,2060,769,4410.5,4880.75,2,,1737.875,1237,963,315.25,4273.3125,257.71875,7738.4375,788.6875,594.75,2318.25,376.71875,1163.75,1198.5625,476.78125,298.4375,,358.21875,1479.6875,158.75,2390.25,391.109375,11524,,7014,1154.5,1480,5973,1987.03125,1177,,6504.84375,6550,671.96875,1987.5,2605.9375,4222,1606.0625,2201.4375,2139.625,,815.0625,29.484375,,50.3125,,66668338,5839.75,211.09375,,905.625,1057.599609,1926.375,,927.0625,1556.6875,1572.195313,863.6875,395,3273.28125,1313,1598.960938,298.4375,373.625,50.1328125,696.125
2018-10-06T00:00:00-06:00 Denver,65.46875,,1713367.789,7256.375,5.6875,705.4375,54831533.19,1101.421875,1615,4813.226563,,1228.609375,475,1836,755,4314.375,4801.5625,0,,1508.875,1187,909,312.4609375,3970.3125,141.3125,7118.375,626.0625,456,2073.3125,340,1092.625,928.1875,505.25,271.0625,,341.375,1010.5625,136.1875,1966.5,361.8125,10464,,5658,1069.5,1519,5451,1865.140625,1055,,5853.4375,5888,489.9375,1778,2380.875,3361,1754.4375,2128.25,2362.1875,,671.4375,2.890625,,56.546875,,66474805,5368.1875,183.21875,,731.9375,1006.709961,1868.25,,858,1584.125,1435.164063,638.875,272,2874.8125,1170.875,1619.351563,271.0625,330.125,32.1875,719.875
2018-10-07T00:00:00-06:00 Denver,62.6875,,1696425.838,6561.375,7.734375,687.1875,55155408.19,1096.625,1655,4743.820313,,1155.828125,496,1614,716,3892.75,4277.125,0.010009766,,1551.625,1145,869,303.46875,4132.28125,120.875,7151.6875,607.4375,425,2046.1875,332.96875,1168.75,934.4375,440.8125,243.25,,314.34375,910.1875,135.84375,1829.3125,357.65625,10492,,4194,1070.5,1517,5413,1809.46875,1002,,6310.9375,5690,469.96875,1757.5,2317.375,3214,1729.90625,1658.375,2288,,669.5,2.8671875,,50.78125,,61127119,4937.25,164.03125,,681.3125,988,1802.8125,,831.0625,1567.875,1398.710938,636.5,274,2883.90625,1141.625,1621.140625,243.25,332.9375,86.140625,616.375
2018-10-08T00:00:00-06:00 Denver,140.625,,1715130.215,6477.625,32.9609375,636.75,55481347.94,1027.5,1562,5029.328125,,1142.5625,529.5,1932,725,4240.375,4576.1875,0.020019531,,1892.4375,1119,920,277.4921875,4281.96875,122.625,7671.625,725.75,486,2289.8125,323.5625,1063.375,1261.8125,402.28125,308.6875,,304.65625,1502.3125,224.6875,2578.0625,354.84375,11088,,6536,1153.75,1504,5315,1961.453125,965,,3211.6875,6415,564.3125,1939,2454.5,4140,1734.125,1760.3125,2253.1875,,849.375,34.0703125,,46.3515625,,62427042,6269.5,233.25,,770,912.6201172,1703.625,,836.875,1533.8125,1346.09375,879.0625,418,3076.3125,1087.4375,1485.1875,308.6875,366.875,32.7734375,619.5625
2018-10-09T00:00:00-06:00 Denver,199.71875,,1716043.033,5590.375,31.6953125,626.5,55810090.06,965.484375,1424,5068.539063,,1138.78125,537,2217,704,3870.375,4561.5,6.709960938,,1820.5,984,913,284.609375,4103.1875,258.3125,7512.3125,713.3125,467,2385.125,306.875,897.6875,1186.8125,385.46875,339.375,,300.59375,1490.1875,252.5625,2497.5,307.109375,11092,,6542,1163,1468,5286,1985.226563,910,,3110.109375,6371,561.25,1944.5,2414.9375,4168,1726.78125,1632.0625,2180.5625,,849.75,53.4375,,44.4296875,,68415237,6211.4375,231.71875,,763.875,885.4306641,1711.5625,,797.125,1524.1875,1331.53125,956.9375,425,3226.625,1071.0625,1520.09375,339.375,366.25,50.2421875,720
2018-10-10T00:00:00-06:00 Denver,320.8125,,1716938.496,4165.25,32.359375,597.25,56140402.81,931.9375,1240,5206.554688,,1247.390625,586,1517,674,3934.875,4258.21875,2.030029297,,1969.1875,923,874,284.2265625,3766.09375,233.3125,7046.5625,760,418.75,2352.375,308.0625,742.1875,1491.0625,409.8125,310.4375,,345.34375,1288.8125,213.5625,2213.4375,320.171875,9972,,6576,1150.5,1474,4041,1991.484375,852,,5585.21875,6295,508.21875,2062.5,2465.9375,6625,1539.09375,1584.6875,1822.5,,872.875,62.734375,,14.7421875,,67965739,6154.625,216.96875,,802.0625,868.4892578,1527.125,,805.6875,1514.3125,1333.734375,864.25,570,3292.8125,981.1875,1535.578125,310.4375,373.4375,50.5078125,600.0625
2018-10-11T00:00:00-06:00 Denver,248.59375,,1717769.854,3933.25,31.671875,587.125,56473396.25,941.1875,1350,5179.015625,,1120.53125,544.5,1727,715,4191.5,4276.875,9.119995117,,1775.6875,850,906,298.8359375,3975.21875,246.15625,7018.25,776.6875,450,2312.625,315.5,864.9375,1239.25,392.34375,368.0625,,354.78125,1349.3125,167.03125,2330.3125,338.359375,10600,,6568,1154.5,1453,4183,1894.765625,878,,4024.15625,6418,608.59375,2053,2434.3125,4288,1382.84375,1648.625,1650.625,,892.4375,58.9765625,,14.7421875,,69076843,6171.625,150.8125,,792.875,834.7705078,1631,,785.875,1470.25,1349.164063,980.75,791,3275.90625,1048.25,1484.101563,368.0625,383.375,50.875,548.75
2018-10-12T00:00:00-06:00 Denver,284.15625,,1646986.027,5637,31.7578125,629.25,55027260.69,956.953125,1344,5195.546875,,1197.28125,503.5,1920,704,4086,4197.375,0.239990234,,1645.6875,876,913,295.3203125,4220.3125,197.5625,7413.5625,637.25,449.5,2213.1875,324.9375,891.625,979.1875,408.65625,382.375,,368.5,1348.625,372.21875,2506.125,356.9375,11260,,6492,1151.75,1456,4195,1846.625,921,,3424.71875,6415,599.5625,2016,2451.1875,8211,1355.65625,1700.5625,1926.5625,,843.0625,56.2578125,,29.90625,,69147669,6247.6875,166.9375,,785.75,928.8398438,1450.0625,,806.1875,1388.5,1327.8125,138.875,778,3216.1875,1107.6875,1508.125,382.375,382.5,50.1328125,581.3125
2018-10-13T00:00:00-06:00 Denver,177.28125,,1701428.424,6535.375,5.734375,672.5625,56531702.38,982.015625,1390,4945.65625,,1224.5,448.5,1927,703,4081.5,4383.21875,0,,1348.375,895,907,319.9296875,3745.5,121.375,6899.6875,601.6875,385.75,2014.5,343.03125,957.5625,798.25,454.34375,373.75,,405.09375,799.0625,261.21875,2298.1875,378.421875,10508,,5796,1099,1439,4206,1710.265625,964,,3389.71875,5678,672.875,1796,2309.8125,7222,1430.3125,1608.6875,1993.8125,,664.625,44.640625,,63.171875,,70809782,5580.625,137.59375,,702.6875,981.4404297,1462.8125,,909.8125,1357.125,1404.851563,566.8125,692,2947.9375,1155.375,1512.679688,373.75,356,50.5859375,602.125
2018-10-14T00:00:00-06:00 Denver,182.96875,,1720000.59,4050.125,8.03125,724.75,57441877.13,991.296875,1265,5079.65625,,1263.234375,502.5,1632,671,3720,3798.3125,0,,1556.25,1018,847,327.828125,3517.5,106.09375,6182,601.1875,351.75,2005.5,391.09375,829.4375,1039.5,480.59375,304.5,,425.4375,625,296.8125,1909.4375,347.0625,9268,,5516,1068.25,1441,4317,1704.25,846,,6735.8125,5484,559.71875,1811,2343.8125,4037,1507.15625,1661,1807,,668.1875,44.9609375,,14.75,,72482364,4844.75,136.8125,,694.8125,940.5195313,1619.3125,,751.1875,1378.125,1543.179688,548.375,684,2910.4375,1000,1505.226563,304.5,359.9375,51.4921875,595.75
2018-10-15T00:00:00-06:00 Denver,297.53125,,1720793.484,4476.25,42.2578125,706.5,57765233.31,997.8125,1246,5230.234375,,1280.5,583,1882,777,4570,3954.0625,3.359985352,,1723.5625,1094,910,310.0703125,3663.25,246.46875,7258.8125,832.5,525.5,2319.8125,407.59375,900.6875,1114.5625,479.03125,454.3125,,440,1231.4375,225.40625,2421.9375,327.65625,10224,,7220,1130,1452,4615,1880.484375,952,,3479.53125,6710,812.59375,2128,2511.5,4871,1459.5,1987.6875,1729.0625,,866,57.9609375,,24.3203125,,73104878,6257.625,200.4375,,968.5625,950.9003906,1608.1875,22,899.8125,1583.1875,1686.34375,986.3125,632,3205.78125,1102.9375,1767.875,454.3125,389.75,52.140625,738.3125
2018-10-16T00:00:00-06:00 Denver,293.6875,,1721737.852,5738,45.7734375,740.3125,58089417.25,1024.53125,1434,5300.34375,,1242.296875,576.5,2019,781,4588.75,4171.875,7.440063477,,1839.25,1175,954,303.21875,3688.09375,252.25,7351.4375,832.375,584,2365.75,426.03125,1018.9375,1078.1875,450.71875,504.375,,432.875,1390.3125,127.625,2738.0625,338.71875,11076,,7396,1146.75,1487,4667,1895.578125,1055,,3610.3125,6832,838.34375,2134.5,2512.5625,4435,1452.75,2160.25,1577.3125,,878.125,65.1796875,,40.828125,,72925679,6195.75,283.96875,,911.625,1007.740234,1589.3125,239,925.875,1589.625,1665.328125,886.3125,440,3109.09375,1215.875,1777.601563,504.375,395,51.1484375,773.8125
2018-10-17T00:00:00-06:00 Denver,246.625,,1722699.217,6500.75,41.9453125,801.25,58388279.75,1071.515625,1675,5214.640625,,1319.453125,565.5,2251,885,4526.75,4242.75,1.449951172,,1973.125,1263,953,325.8203125,3756.6875,246.5,8240.5,844.1875,605.75,2355.8125,395.78125,1072.4375,1295.1875,475.84375,594.4375,,411.78125,1661.4375,187.75,2745.625,348.71875,11952,,8028,1146.25,1497,4671,1880.09375,1102,,6615.25,6776,869.65625,2002,2535.4375,4581,1390.8125,2179.75,1596.6875,,861.625,68.1328125,,78.828125,,71390540,6116.4375,309.25,,947.875,1051.308594,1607.6875,2293,1060.1875,1591.875,1660.484375,903.5,472,3036.96875,1297.125,1748.359375,594.4375,395.3125,51.8046875,733.1875
2018-10-18T00:00:00-06:00 Denver,244.78125,,1723725.438,7029.25,31.9296875,799.125,58701396.06,1114.90625,1646,5277.875,,1327.953125,536,1922,868,4496.625,4368.4375,0.069946289,,1704.125,1231,915,323.4296875,3780.34375,270.125,8237,788,591.5,2280.125,364.59375,1136.625,1091.8125,456.375,585.125,,427.6875,1637.8125,185.8125,2846.875,356.984375,11616,,7882,1133,1468,4663,1881.84375,1160,,3448.375,6892,854.9375,2069.5,2602.125,5136,1318.4375,2196.4375,1476.0625,,829.4375,44.4296875,,81.5,,72271973,6247.1875,301.3125,,905.5,1037.060547,1610.625,2221,1067.9375,1620.375,1651.570313,926.5,418,3106.25,1262.8125,1807.96875,585.125,390.5,50.828125,824.875
2018-10-19T00:00:00-06:00 Denver,237.28125,,1724686.994,6729.625,42.1328125,797.1875,58376382.13,1099.625,1694,5280.390625,,1329.421875,540,2080,824,4226.875,4454.4375,0.100097656,,1794.9375,1265,908,345.1171875,3799.75,273.375,7974.625,747.5,550.5,2255.25,376.96875,1125.8125,1134.6875,508.15625,558.6875,,435.09375,1574.875,188.3125,2829.0625,370.078125,11532,,7286,1119.75,1460,4818,1832.578125,1085,,3521.875,6399,728.5,2003,2621.75,5402,1380.34375,2162.8125,1238.875,,832.3125,32.875,,83.8984375,,73431810,6350.125,290.65625,,896.0625,1070.009766,1626.875,5539,1068.5,1499.75,1643.960938,895.4375,405,3011.1875,1245.375,1689.109375,558.6875,378.9375,49.75,816.0625
2018-10-20T00:00:00-06:00 Denver,134.71875,,1725527.635,7168.75,4.9609375,834.1875,59271697.63,1117.109375,1715,5065.6875,,1401.0625,471.5,1893,790,4064.25,5442.125,0,,1441.3125,1282,855,397.09375,3205.8125,169.03125,7417.9375,606.9375,412.75,2042.125,393.59375,1174.625,764.1875,524.09375,447.8125,,459.59375,953.5625,148.90625,2602.875,385.953125,11272,,6376,1051,1453,4668,1648.75,1019,,5422.625,6005,597.15625,1771.5,2465.5625,9863,1409.15625,2109.375,1227.5,,671.1875,2.609375,,103.1484375,,73508148,5246.450012,207.84375,,737.25,1115.390625,1621.6875,6889,1081.875,1478.75,1615.023438,767.375,263,2706.9375,1312.5625,1737.570313,447.8125,368.875,49.625,687.625
2018-10-21T00:00:00-06:00 Denver,126.21875,,1726498.725,8110.875,6.0703125,970.1875,59552610.06,1198.046875,1943,4961.265625,,1586.859375,478,1458,863,3611.875,5448.5625,0.010009766,,1484.6875,1355,830,432.6875,3429.09375,141.65625,7979.6875,596.5,430.75,2030.6875,430.4375,1404.25,827.75,524.96875,255.25,,493.0625,1114.6875,135.40625,2429.4375,429.71875,11540,,6794,1042.25,1445,4619,1601.375,1206,,2860.28125,5774,556.0625,1540.5,2556.9375,7808,1478.875,1644,1247.875,,647,2.59375,,132.5,,73032138,4864.309753,128.90625,,746.375,1164.689453,1671.125,7409,1313.0625,1478.875,1641.476563,735.1875,280,2760.9375,1456,1758.570313,255.25,373.4375,48.6796875,649.1875
2018-10-22T00:00:00-06:00 Denver,204.125,,1727441.188,7394.125,50.2265625,817.8125,59835690.19,1167.984375,1924,5291.046875,,1423.203125,555.5,2257,892,4572.875,5369.5,1.229980469,,1872.0625,1308,905,395.8515625,4307.3125,240.65625,8786.3125,770.8125,605.75,2382.5,405.5,1296.3125,1355.75,479.625,377,,468.53125,1783.875,158.09375,2984.375,400.515625,12636,,8336,1147.75,1443,4777,1810.65625,1192,,3436,7046,786.40625,2008.5,2699,5629,1451.59375,1959.0625,1279,,830.0625,30.7578125,,111.3046875,,73924365,6144.580078,179.65625,,896.6875,1146.349609,1654.25,2456,1166.5625,1560.875,1701.671875,943.4375,457,3074.03125,1373.625,1837.28125,377,391.375,48.2421875,740
2018-10-23T00:00:00-06:00 Denver,179.1875,,1728381.568,8020.625,43.8671875,892.25,60125150.75,1168.1875,1925,5304.1875,,1436.5,534,2120,813,4207.625,4902.3125,0.25,,1759.3125,1192,941,368.1875,3986.46875,232.15625,8408.4375,654.125,552.75,2288.625,462.71875,1286.0625,1202.375,500.84375,356.3125,,478.21875,1649.5625,173.5625,3005.3125,410.609375,12580,,7690,1150.5,1450,4806,1769.34375,1179,,3652.1875,6940,727.125,1966.5,2714.6875,5517,1602.4375,1613.75,1257.8125,,883.5,32.4921875,,103.8125,,73714334,5479.230469,206.1875,,757,1102.460938,2236.3125,5531,1079.1875,1481.4375,1698.15625,899.625,443,3135.78125,1396.9375,1657.101563,356.3125,401.25,49.0546875,702.5
2018-10-24T00:00:00-06:00 Denver,209.78125,,1729340.391,8008,39.0703125,859,60416385.38,1139.046875,1943,5359.796875,,1388.296875,561.5,2068,903,4529.75,5076.0625,5.239990234,,1859.3125,998,978,372.234375,4206.59375,254.65625,8350.25,759.625,582.25,2378.1875,393.15625,1215.0625,1178.75,509.65625,366.5625,,467.3125,1663.8125,269.65625,3152.3125,409.25,12644,,8432,1185.75,1465,6014,1817.140625,1182,,6619.1875,6632,786.125,2061.5,2618.6875,5921,1543.75,2235.9375,1285.75,,878.4375,32.078125,35698450.19,108.7578125,,74889556,5915.619141,192.90625,,905,1115.939453,2394.3125,3909,1108.25,1607.625,1658.859375,954.6875,423,3175.125,1322.3125,2005.28125,366.5625,399.875,50.8671875,699.3125
2018-10-25T00:00:00-06:00 Denver,225.625,,1730356.297,7234.75,31.8359375,763,60715384.19,1112.75,1705,5334.640625,,1300.328125,568,2006,810,4507.375,4528,12.10998535,,2018,1008,964,313.8359375,3970.65625,255.40625,8406.625,758.25,598.5,2449.375,381.3125,1115.875,1617.5,438.125,361.1875,,449.125,1555.9375,197.0625,2976.25,342.390625,12476,2054,7460,1225,1470,6141,1819.703125,1159,,3597.65625,6551,757.71875,2031.5,2621,5104,1564.5,2226.25,1264,0,852.25,32.1484375,78248926.94,62.359375,4242,73554014,5860.871094,181.03125,,900.875,1062.800781,2079.4375,7994,839.6875,1598.875,1631.875,965.3125,456,3221.0625,1082.75,1780.117188,361.1875,376.25,51.2265625,770.9375
2018-10-26T00:00:00-06:00 Denver,237.21875,,1731303.49,6800.5,37.484375,798.5625,61009945.56,1092.359375,1608,5284.796875,,1277.8125,551.5,2050,845,4240.25,4457.0625,8.809936523,,1807.8125,1257,942,355.5390625,3832.875,227.5625,8007.125,721.125,537.5,2468.5625,382.28125,1122.625,1176,456,363.5,,460.875,1554.4375,317.125,2900.9375,367.1875,11536,4764,7260,1232.25,1508,6088,1821.3125,1041,,6548.71875,6596,831.4375,2036,2632.4375,5266,1584.28125,2151.4375,1255.1875,0,821.875,32.640625,78743264.44,84.828125,8495,76420489,5874.419922,198.875,,872.6875,1037.640625,2090.75,327,1004.25,1528.375,1615.796875,858.875,418,3163.46875,1312,1612.039063,363.5,377.6875,52.890625,754.625
2018-10-27T00:00:00-06:00 Denver,134.71875,,1732054.008,7423.75,5.2109375,916.75,61310904.25,1118.640625,1852,5088.390625,,1317.953125,454.5,1819,819,4125.75,5516.875,0.270019531,,1494.5625,1335,871,406.4140625,3447.21875,113.8125,7507,621.125,414.75,2181.375,388.15625,1206.9375,815.5625,486.375,315.75,,425.28125,1053.5,268.375,2746.5,409.546875,11636,4491,6594,1129,1553,6326,1642.375,1173,,2821.28125,6050,620.375,1776,2499.3125,4912,1577,1690.375,1255.6875,0,696.75,2.609375,79227479.25,119.8046875,7741,75079154,6032.898438,190.6875,,732.375,1112.388672,2283.625,7385,1135,1457.625,1568.90625,704.0625,301,2967.625,1311.25,1582.382813,315.75,361.1875,49.3046875,777.125
2018-10-28T00:00:00-06:00 Denver,125.9375,,1732730.061,8142.25,5.078125,994.75,61586517.25,1198.9375,1935,5156.96875,,1332.3125,445.5,1835,935,3600.75,5579.75,0.070068359,,1521.625,1370,874,423.890625,3721.75,108.1875,8029.125,598.4375,420.5,2139.625,428.59375,1333.6875,888.125,491,316.3125,,481,1165.3125,194.0625,2216.9375,401.9375,12260,4476,6946,1104,1553,6654,1612.9375,1227,,2823.09375,5741,604.75,1743.5,2560.125,4643,1615.125,1691.375,1267.9375,0,694.625,2.6015625,79699984.81,154.8671875,7600,75986970,5489.050781,147.71875,,726.0625,1176.412109,2329.875,7904,1584.6875,1453.5625,1648.484375,684.75,313,2989.34375,1090.875,1587.679688,316.3125,360.0625,49.390625,653.125
2018-10-29T00:00:00-06:00 Denver,210.84375,,1733602.99,8008.75,48.25,827.1875,61868972.13,1176.09375,1851,5261.8125,,1344.921875,544.5,2117,945,4463.25,4771.6875,2.229980469,,1876.125,1296,945,366.3984375,4234.625,236.46875,8752.75,776.9375,587.25,2479.9375,409.21875,1264.75,1378,448.875,280.75,,452.84375,1722.6875,190.625,2793.6875,343.734375,12984,4712,7888,1159.75,1529,6449,1825.703125,1151,,3471.5625,6718,849.40625,2021.5,2680.1875,5026,1528.8125,2119.1875,1290.8125,0,852.875,37.1953125,80179577,102.703125,8509,75761790,6077.550781,216.6875,,963.6875,1129.417969,2101.5625,977,1170.8125,1571.6875,1670.96875,833.5625,465,3162.21875,1490.1875,1801.65625,280.75,378.625,50.21875,712.125
2018-10-30T00:00:00-06:00 Denver,233.125,,1734571.715,5100,44.3515625,740.3125,62161120.13,1081.375,1322,5380.453125,,1265.28125,580.5,2086,814,4566.625,4264.0625,15.05993652,,1745.5625,1060,913,332.140625,3676.65625,249.84375,6987.370117,797.625,541.75,2488.8125,386.9375,854.5625,1175.4375,451.1875,281.6875,,428.71875,1318.6875,319.1875,2510.625,336.125,10360,4887,7336,1259,1559,5349,1934.28125,813,,3696.46875,6796,839.34375,2108.5,2598.6875,4108,1557.3125,2052.75,1259.125,0,849.6875,39.4140625,80669754.44,22.7578125,8647,80973773,6107.308594,247.25,,931.875,971.53125,1673.6875,4186,806.625,1580.9375,1668.578125,822.25,414,3113.6875,1208.4375,1771.882813,281.6875,375.25,50.5625,735.375
2018-10-31T00:00:00-06:00 Denver,282.53125,,1717494.846,5739.5,42.3828125,703.4375,61809961.31,1009.59375,1335,5449.46875,,1253.6875,618.5,1910,806,4469,4179.6875,2.930053711,,1903.9375,1025,827,299.6484375,3591.59375,255.4375,7020.070313,796.8125,534.75,2408.3125,408.96875,852.625,1365.4375,461.4375,279.125,,449.09375,1303.125,129.53125,2659.0625,317.078125,10248,4940,7498,1233.25,1544,5202,1882.03125,815,1498.125,6283.90625,6530,802.28125,2041.5,2620.625,3796,1589.4375,2098.875,1247.5625,0,914.6875,53.75,81154030.69,14.734375,8439,81635628,6033.980469,225.625,,930.0625,993.0703125,1625.75,30,806.0625,1577.875,1688.390625,782.125,423,3080.25,1250.6875,1725.210938,279.125,389.5625,50.234375,753.25
2018-11-01T00:00:00-06:00 Denver,325.28125,,1718455.043,6269,32.3515625,713.9375,62780378.81,1075.015625,1331,5492.78125,,1251.296875,627,1955,822,4456.625,4085.4375,1.969970703,,2051.25,1063,820,312.8515625,3677.5625,261.3125,7010.678711,776.8125,580.25,2421.3125,425.84375,880.8125,1697,445.4375,352.25,,457.375,1383.125,182.4375,2660.1875,343.890625,10176,4977,7392,1180.25,1563,4857,1895.46875,837,2858.25,7090.625,6544,822.125,2080,2631.9375,3853,1623.4375,2153.75,1246.25,0,906.6875,60.9609375,81636518.88,14.7265625,8575,81147390,6143.957031,198.65625,,912.8125,1002.308594,1646.5,29,809.0625,1595.125,1728.140625,891.3125,418,3120.15625,1259.6875,1753.71875,352.25,393.625,50.0546875,705.1875
